epoch,train_loss,val_loss,rel_l2,data,continuity,curl,epoch_time,lr
1,0.014703950193506898,0.03732400095791786,1.61712283848764,0.012360767537757056,0.0,0.0,366.75844526290894,2.8284271247461902e-05
2,0.0038415886527521557,0.011349625580690123,0.8642882631472316,0.002645710759982952,0.0,0.0,365.8729305267334,7.919595949289332e-05
3,0.0023700533593000728,0.005421093662341984,0.5705896833891817,0.0014795870503500435,0.0,0.0,368.72959899902344,0.00013010764773832472
4,0.0019061255831426631,0.00300886373930647,0.3946575638061021,0.001172656972206217,0.0,0.0,377.6960380077362,0.00018101933598375613
5,0.0016048811266197542,0.0019596467329818126,0.3009197552724045,0.0010065920686580891,0.0,0.0,373.0040121078491,0.00023193102422918753
6,0.0014051820076019794,0.0014717711726892982,0.2523027663146871,0.0008805761999231739,0.0,0.0,375.58378434181213,0.000282842712474619
7,0.0010667744171920883,0.0012267662601563596,0.221400939863383,0.0006635751714535824,0.0,0.0,372.99168252944946,0.000282842712474619
8,0.0009128766074203062,0.0010008394420328369,0.20249541457553366,0.0005601362355491801,0.0,0.0,369.3048391342163,0.000282842712474619
9,0.0007935616969613571,0.0008071501966106234,0.18376070334481523,0.0004918474707740946,0.0,0.0,366.0951120853424,0.000282842712474619
10,0.0007125326818974523,0.0007255015317985618,0.1715055478667219,0.0004318194517433464,0.0,0.0,366.61498641967773,0.000282842712474619
11,0.0007515450034058327,0.0005870383001891171,0.1615467853507394,0.00047681564795235926,0.0,0.0,366.8544158935547,0.000282842712474619
12,0.0006258049473899518,0.0005216298126328326,0.15292002900639715,0.00038421774113809687,0.0,0.0,363.7921099662781,0.000282842712474619
13,0.0005838847606203975,0.0004349938381006699,0.14555515737967883,0.0003524647611925502,0.0,0.0,367.2164740562439,0.000282842712474619
14,0.000573071692050083,0.0004169747523295197,0.13929901717426738,0.00035791946226026994,0.0,0.0,365.56439089775085,0.000282842712474619
15,0.0005506383780584656,0.00038363454381892966,0.13425764033221677,0.0003340560706040681,0.0,0.0,365.52262115478516,0.000282842712474619
16,0.0005447895122567085,0.00034104013689279606,0.13018679900127442,0.00034209315365766696,0.0,0.0,368.0844826698303,0.000282842712474619
17,0.0004705622551455235,0.0003215161483476313,0.1263738327104249,0.00028350168846221396,0.0,0.0,367.91910767555237,0.000282842712474619
18,0.00045705563117811227,0.0003206173664445735,0.12246073974762983,0.0002816589945666692,0.0,0.0,371.3366813659668,0.000282842712474619
19,0.00048755733773001947,0.00028479663712235604,0.12017015840006329,0.0002936577385336629,0.0,0.0,369.240797996521,0.000282842712474619
20,0.00044310585618253146,0.000283644818579899,0.11764727061063025,0.0002692855300949759,0.0,0.0,371.55781078338623,0.000282842712474619
21,0.00043491843990750567,0.0002812594932983267,0.11416778650006545,0.0002741034914303479,0.0,0.0,373.9134957790375,0.000282842712474619
22,0.0003594527678387749,0.000253736243663392,0.11110027447322472,0.00021734044441738357,0.0,0.0,367.2729437351227,0.000282842712474619
23,0.00041124424222971356,0.00025622993887193475,0.10990418728959199,0.00024810759423606515,0.0,0.0,366.7912278175354,0.000282842712474619
24,0.00040952990752884944,0.00023437720852338576,0.1061498345712137,0.00024638071177681314,0.0,0.0,367.8089966773987,0.000282842712474619
25,0.0003705631759203243,0.0002313257568113675,0.10465386648471399,0.00021377018958901317,0.0,0.0,362.6861333847046,0.000282842712474619
26,0.0003411461438721138,0.00021977038428870743,0.102565349197228,0.0001984587898012554,0.0,0.0,365.83682322502136,0.000282842712474619
27,0.0003394252381857162,0.00019726452155737205,0.1002416184180867,0.00020842545765731302,0.0,0.0,364.8254933357239,0.000282842712474619
28,0.0003092289047306925,0.00021907253766904113,0.09845248012338591,0.00018604735693846428,0.0,0.0,361.9488191604614,0.000282842712474619
29,0.000321973105599227,0.00022280699488035608,0.0981680632847232,0.00018795968828536994,0.0,0.0,364.36354327201843,0.000282842712474619
30,0.000291603556301349,0.00017300401262443078,0.0949310965741255,0.00016855291876064862,0.0,0.0,368.6377909183502,0.000282842712474619
31,0.0002969679754869503,0.0001910938810089954,0.09370379409056293,0.00017481692055791123,0.0,0.0,368.28575348854065,0.000282842712474619
32,0.0003302824069730074,0.00017083914041089788,0.09295080496757148,0.00020328265431620215,0.0,0.0,368.6577477455139,0.000282842712474619
33,0.00027758795658883173,0.00016521899733207092,0.09168061687286001,0.00016270324448441897,0.0,0.0,375.3381712436676,0.000282842712474619
34,0.000303690155097532,0.00019679880926276667,0.09100954137052893,0.00017650007455927152,0.0,0.0,366.92773818969727,0.000282842712474619
35,0.00026979149811268144,0.00015141186728663802,0.08890205845981607,0.00015483578887180252,0.0,0.0,370.79232120513916,0.000282842712474619
36,0.00024303249995227816,0.00015078253974887094,0.08794263148294636,0.00014189609491192337,0.0,0.0,362.36039638519287,0.000282842712474619
37,0.0002605117716711902,0.0001518546391955831,0.08723021341977019,0.00015797430283252348,0.0,0.0,365.1899015903473,0.000282842712474619
38,0.00025262888630095404,0.00014651343940799547,0.08547913934277915,0.0001456677236149062,0.0,0.0,369.298082113266,0.000282842712474619
39,0.0002840511144673504,0.00013967237022158074,0.0849136355860924,0.00015801194655296058,0.0,0.0,368.85499024391174,0.000282842712474619
40,0.00023320474481162515,0.00014190927200592366,0.08405850757902124,0.00013293493475430296,0.0,0.0,370.02283692359924,0.000282842712474619
41,0.00025061803684896705,0.00016720354687059662,0.0828921285963737,0.0001369961430270905,0.0,0.0,368.08132123947144,0.000282842712474619
42,0.00023759786900730737,0.00015037526924982546,0.08245788696697488,0.0001325754744243568,0.0,0.0,374.53966069221497,0.000282842712474619
43,0.00022278925199733143,0.00013543141557148647,0.08091590101944221,0.00012871504197657183,0.0,0.0,368.5328645706177,0.000282842712474619
44,0.00021395865443688913,0.0001674120712801572,0.08215774715975131,0.00012954934846239516,0.0,0.0,369.1793990135193,0.000282842712474619
45,0.0002197170287653686,0.000132622425848854,0.0795295639205675,0.00012517716177740112,0.0,0.0,370.0393829345703,0.000282842712474619
46,0.00020159089209907202,0.00012165218322952096,0.07848036815475018,0.00011945601310496083,0.0,0.0,370.1273102760315,0.000282842712474619
47,0.0002164506718050537,0.0001178955615236569,0.07763975230093974,0.00011635489335048987,0.0,0.0,374.6908829212189,0.000282842712474619
48,0.00023158588588974757,0.00013086329784634367,0.07819653607654277,0.00011951427737244558,0.0,0.0,364.858717918396,0.000282842712474619
49,0.00019050020122790556,0.0001413006714602642,0.07651841472069572,0.00011143473922932874,0.0,0.0,369.8964567184448,0.000282842712474619
50,0.00019209311360176193,0.0001707997374151918,0.07601552186958181,0.00011220428587440286,0.0,0.0,369.94416880607605,0.000282842712474619
51,0.00019811778233247423,0.0001253606669824758,0.0751598196251479,0.00010972975501033488,0.0,0.0,365.45090794563293,0.000282842712474619
52,0.0002339073383836876,0.00011027511934955399,0.0750326851923933,0.00013436524641008418,0.0,0.0,371.46719431877136,0.0002825646363685065
53,0.0001636863557621382,0.00011736563223190364,0.07453825410740232,9.24259400013246e-05,0.0,0.0,363.34228348731995,0.00028173150548951897
54,0.0001526262998936545,0.00010677779010419927,0.073363510495706,8.629610274131967e-05,0.0,0.0,363.9739487171173,0.00028034660782461443
55,0.00018385980031136265,0.00010236089930275468,0.07216051680220545,0.00010362040263108459,0.0,0.0,366.8964419364929,0.00027841540893217665
56,0.00017554038341434838,0.00010940050328295533,0.0717960214723166,9.702027991428015e-05,0.0,0.0,370.1036148071289,0.0002759455303719534
57,0.0002244002520323344,0.00011387128207542292,0.07165255781256501,0.00011729118145353823,0.0,0.0,365.39066672325134,0.0002729467196262415
58,0.00015782529347537397,0.00013566734662352056,0.07071463337677426,8.71996190170421e-05,0.0,0.0,366.90839672088623,0.00026943081163102815
59,0.00014792116864252117,0.0001405710646619585,0.0704785521750935,8.350422663738755e-05,0.0,0.0,370.6100723743439,0.00026541168206890473
60,0.00015345462561337322,0.00011038596708971596,0.06946356510206489,8.806399836676822e-05,0.0,0.0,366.5405375957489,0.00026090519260808743
61,0.0001606226866973278,9.731527949137578e-05,0.06878819432453802,9.472070696385042e-05,0.0,0.0,364.6807916164398,0.00025592912830365883
62,0.00015610118648131296,9.158530841674505e-05,0.06829074805944922,8.354470647968053e-05,0.0,0.0,363.53675746917725,0.000250503127408081
63,0.0001501577354095692,9.797162666626565e-05,0.0680506889439347,7.820221660873965e-05,0.0,0.0,365.07093620300293,0.00024464860386798473
64,0.00014288424488502946,9.151353458639585e-05,0.06752547432708322,7.94704123544913e-05,0.0,0.0,363.81591629981995,0.00023838866281310545
65,0.00012635128812614008,9.36807840537165e-05,0.06641748179823924,7.136631520647067e-05,0.0,0.0,365.3308410644531,0.0002317480093708917
66,0.00011977299951126952,8.772833273003737e-05,0.06626154561409102,6.184351798310672e-05,0.0,0.0,365.92427921295166,0.00022475285116665397
67,0.00014582682595687402,8.533429970995783e-05,0.06531363369133826,7.625401208125974e-05,0.0,0.0,370.97702288627625,0.00021743079489404047
68,0.0001396316408772691,8.71314681858934e-05,0.06473370218734374,7.622835078298824e-05,0.0,0.0,373.5101275444031,0.00020981073736403002
69,0.00010165402144934887,9.510497878760692e-05,0.06461870817146118,5.770337404461164e-05,0.0,0.0,370.85363125801086,0.00020192275146242036
70,0.00012100668998490012,9.763424833571272e-05,0.06384403530106664,6.120373063348931e-05,0.0,0.0,369.2850019931793,0.00019379796746588722
71,0.00011755584131378782,8.11035970873018e-05,0.06294290788655672,6.815938545419915e-05,0.0,0.0,367.24217772483826,0.00018546845018500412
72,9.298799431671038e-05,8.245092142349134e-05,0.06248731090607161,5.261033789831041e-05,0.0,0.0,363.30354356765747,0.00017696707241908428
73,0.00010272464199564031,7.534789950692688e-05,0.062051315882569964,5.397341547563883e-05,0.0,0.0,373.01635909080505,0.0001683273852222598
74,8.723325312587349e-05,7.367680763391862e-05,0.0612946922091409,5.049970070558629e-05,0.0,0.0,370.2906663417816,0.00015958348549279877
75,8.73562522466879e-05,7.704933024277644e-05,0.06088176534099091,4.9774353989562314e-05,0.0,0.0,368.2587070465088,0.00015076988140822563
76,8.075727482056057e-05,7.242510871403826e-05,0.06020494030129056,4.735788193007314e-05,0.0,0.0,368.57457208633423,0.00014192135623730952
77,9.075415406319583e-05,6.921560955313246e-05,0.059725618194772075,4.8648939665459544e-05,0.0,0.0,369.8053045272827,0.0001330728310663934
78,9.293434298266827e-05,6.775233346338432e-05,0.059259520055158096,4.87604152231332e-05,0.0,0.0,366.5279085636139,0.0001242592269818203
79,9.65421013508679e-05,6.796542812870549e-05,0.05891193373333748,4.779777044205957e-05,0.0,0.0,366.56326937675476,0.00011551532725235927
80,0.00013241686550694945,9.322776677436195e-05,0.05889018541757883,5.631387707438762e-05,0.0,0.0,371.3338541984558,0.0001068756400555347
81,9.84785077188614e-05,7.705622878135031e-05,0.058546370225708556,4.415921147445564e-05,0.0,0.0,378.384153842926,9.837426228961493e-05
82,0.0001013995895344048,0.00010858812968869537,0.05852228138040396,4.686307466765053e-05,0.0,0.0,365.12875390052795,9.004474500873184e-05
83,8.929659370930192e-05,0.00010125591830114604,0.058483730686416734,4.0879172528226114e-05,0.0,0.0,362.9860770702362,8.191996101219864e-05
84,8.293555968445314e-05,7.578303482589106e-05,0.05807135831111088,3.9285644926205045e-05,0.0,0.0,365.78394317626953,7.403197511058896e-05
85,7.401308222180585e-05,7.289590435170616e-05,0.057722079622868,3.858675478104109e-05,0.0,0.0,369.75395822525024,6.641191758057848e-05
86,6.997109606269684e-05,6.747507310114112e-05,0.057029437124173535,3.768882222487946e-05,0.0,0.0,372.74078011512756,5.9089861307965064e-05
87,7.448010709272997e-05,6.76071254008105e-05,0.05670702546724138,3.826586950121206e-05,0.0,0.0,370.6297297477722,5.2094703103727264e-05
88,7.270523752822555e-05,6.541856217792246e-05,0.05647028563779118,3.733590748803787e-05,0.0,0.0,371.67870020866394,4.5454049661513504e-05
89,7.949924583764793e-05,6.389314525245913e-05,0.05627515847664893,3.7145973555160104e-05,0.0,0.0,370.99880623817444,3.919410860663424e-05
90,7.644653067965616e-05,6.291364553870555e-05,0.05603637620554192,3.63535272072113e-05,0.0,0.0,372.7360625267029,3.333958506653797e-05
91,7.44185469538176e-05,6.305693056568195e-05,0.055998094601866825,3.58379150024272e-05,0.0,0.0,363.14093708992004,2.7913584170960125e-05
92,7.387782942676797e-05,6.999082891867713e-05,0.05580679778646179,3.580348578206364e-05,0.0,0.0,365.969918012619,2.2937519866531545e-05
93,7.093461969986947e-05,7.585695481333011e-05,0.055802983683480835,3.5242835063324186e-05,0.0,0.0,370.5092384815216,1.84310304057142e-05
94,7.136411628512936e-05,7.63577393213795e-05,0.05574280217556505,3.4888694116830266e-05,0.0,0.0,370.1131672859192,1.4411900843590853e-05
95,7.1167715745446e-05,7.078160882198748e-05,0.05573769771814098,3.473848054606302e-05,0.0,0.0,370.2608482837677,1.0895992848377461e-05
96,7.089757813597923e-05,6.915573297180356e-05,0.05529589463944858,3.462687962022907e-05,0.0,0.0,363.14102363586426,7.89718210266562e-06
97,6.981500522821686e-05,6.928427169264246e-05,0.05521038440338875,3.452079812404918e-05,0.0,0.0,365.8499255180359,5.427303542442347e-06
98,6.901955640614688e-05,6.702598152692013e-05,0.05514183847424172,3.445982449553261e-05,0.0,0.0,365.5561845302582,3.4961046500046002e-06
99,6.855263274019308e-05,6.688132602608062e-05,0.0550978164082356,3.4413372022849366e-05,0.0,0.0,364.8378837108612,2.1112069851000672e-06
100,6.8631994248373e-05,6.684456503452649e-05,0.055056864171805324,3.4392101760261085e-05,0.0,0.0,368.39850211143494,1.2780761061124991e-06
